experiment,mode,k,assigned_class,n_samples,n_true_poisoned,n_flagged,tp,fp,fn,precision,recall,flag_rate
knn_defense_cifar_1xs_1500_none_k1,none,1,0,5030,43,145,43,102,0,0.296551724137931,1.0,0.02882703777335984
knn_defense_cifar_1xs_1500_none_k1,none,1,1,5001,66,203,66,137,0,0.3251231527093596,1.0,0.04059188162367527
knn_defense_cifar_1xs_1500_none_k1,none,1,2,4998,6,179,6,173,0,0.0335195530726257,1.0,0.03581432573029212
knn_defense_cifar_1xs_1500_none_k1,none,1,3,4992,16,389,16,373,0,0.04113110539845758,1.0,0.07792467948717949
knn_defense_cifar_1xs_1500_none_k1,none,1,4,6209,1209,984,833,151,376,0.8465447154471545,0.6889991728701406,0.15847962634884843
knn_defense_cifar_1xs_1500_none_k1,none,1,5,4978,5,358,5,353,0,0.013966480446927373,1.0,0.07191643230212937
knn_defense_cifar_1xs_1500_none_k1,none,1,6,5020,38,140,37,103,1,0.2642857142857143,0.9736842105263158,0.027888446215139442
knn_defense_cifar_1xs_1500_none_k1,none,1,7,5082,94,149,90,59,4,0.6040268456375839,0.9574468085106383,0.029319165682802045
knn_defense_cifar_1xs_1500_none_k1,none,1,8,4979,15,101,14,87,1,0.13861386138613863,0.9333333333333333,0.020285197830889737
knn_defense_cifar_1xs_1500_none_k1,none,1,9,3711,8,842,8,834,0,0.009501187648456057,1.0,0.22689302074912424
knn_defense_cifar_1xs_1500_remove_k1,remove,1,0,5030,43,145,43,102,0,0.296551724137931,1.0,0.02882703777335984
knn_defense_cifar_1xs_1500_remove_k1,remove,1,1,5001,66,203,66,137,0,0.3251231527093596,1.0,0.04059188162367527
knn_defense_cifar_1xs_1500_remove_k1,remove,1,2,4998,6,179,6,173,0,0.0335195530726257,1.0,0.03581432573029212
knn_defense_cifar_1xs_1500_remove_k1,remove,1,3,4992,16,389,16,373,0,0.04113110539845758,1.0,0.07792467948717949
knn_defense_cifar_1xs_1500_remove_k1,remove,1,4,6209,1209,984,833,151,376,0.8465447154471545,0.6889991728701406,0.15847962634884843
knn_defense_cifar_1xs_1500_remove_k1,remove,1,5,4978,5,358,5,353,0,0.013966480446927373,1.0,0.07191643230212937
knn_defense_cifar_1xs_1500_remove_k1,remove,1,6,5020,38,140,37,103,1,0.2642857142857143,0.9736842105263158,0.027888446215139442
knn_defense_cifar_1xs_1500_remove_k1,remove,1,7,5082,94,149,90,59,4,0.6040268456375839,0.9574468085106383,0.029319165682802045
knn_defense_cifar_1xs_1500_remove_k1,remove,1,8,4979,15,101,14,87,1,0.13861386138613863,0.9333333333333333,0.020285197830889737
knn_defense_cifar_1xs_1500_remove_k1,remove,1,9,3711,8,842,8,834,0,0.009501187648456057,1.0,0.22689302074912424
knn_defense_cifar_1xs_1500_none_k5,none,5,0,5030,43,122,43,79,0,0.3524590163934426,1.0,0.024254473161033796
knn_defense_cifar_1xs_1500_none_k5,none,5,1,5001,66,145,65,80,1,0.4482758620689655,0.9848484848484849,0.028994201159768047
knn_defense_cifar_1xs_1500_none_k5,none,5,2,4998,6,201,6,195,0,0.029850746268656716,1.0,0.040216086434573826
knn_defense_cifar_1xs_1500_none_k5,none,5,3,4992,16,345,16,329,0,0.0463768115942029,1.0,0.06911057692307693
knn_defense_cifar_1xs_1500_none_k5,none,5,4,6209,1209,1117,980,137,229,0.8773500447627574,0.8105872622001654,0.17990014495087775
knn_defense_cifar_1xs_1500_none_k5,none,5,5,4978,5,365,5,360,0,0.0136986301369863,1.0,0.07332261952591403
knn_defense_cifar_1xs_1500_none_k5,none,5,6,5020,38,102,38,64,0,0.37254901960784315,1.0,0.020318725099601594
knn_defense_cifar_1xs_1500_none_k5,none,5,7,5082,94,159,94,65,0,0.5911949685534591,1.0,0.03128689492325856
knn_defense_cifar_1xs_1500_none_k5,none,5,8,4979,15,61,14,47,1,0.22950819672131148,0.9333333333333333,0.01225145611568588
knn_defense_cifar_1xs_1500_none_k5,none,5,9,3711,8,514,8,506,0,0.01556420233463035,1.0,0.13850714093236324
knn_defense_cifar_1xs_1500_remove_k5,remove,5,0,5030,43,122,43,79,0,0.3524590163934426,1.0,0.024254473161033796
knn_defense_cifar_1xs_1500_remove_k5,remove,5,1,5001,66,145,65,80,1,0.4482758620689655,0.9848484848484849,0.028994201159768047
knn_defense_cifar_1xs_1500_remove_k5,remove,5,2,4998,6,201,6,195,0,0.029850746268656716,1.0,0.040216086434573826
knn_defense_cifar_1xs_1500_remove_k5,remove,5,3,4992,16,345,16,329,0,0.0463768115942029,1.0,0.06911057692307693
knn_defense_cifar_1xs_1500_remove_k5,remove,5,4,6209,1209,1117,980,137,229,0.8773500447627574,0.8105872622001654,0.17990014495087775
knn_defense_cifar_1xs_1500_remove_k5,remove,5,5,4978,5,365,5,360,0,0.0136986301369863,1.0,0.07332261952591403
knn_defense_cifar_1xs_1500_remove_k5,remove,5,6,5020,38,102,38,64,0,0.37254901960784315,1.0,0.020318725099601594
knn_defense_cifar_1xs_1500_remove_k5,remove,5,7,5082,94,159,94,65,0,0.5911949685534591,1.0,0.03128689492325856
knn_defense_cifar_1xs_1500_remove_k5,remove,5,8,4979,15,61,14,47,1,0.22950819672131148,0.9333333333333333,0.01225145611568588
knn_defense_cifar_1xs_1500_remove_k5,remove,5,9,3711,8,514,8,506,0,0.01556420233463035,1.0,0.13850714093236324
knn_defense_cifar_1xs_1500_none_k10,none,10,0,5030,43,122,43,79,0,0.3524590163934426,1.0,0.024254473161033796
knn_defense_cifar_1xs_1500_none_k10,none,10,1,5001,66,126,65,61,1,0.5158730158730159,0.9848484848484849,0.02519496100779844
knn_defense_cifar_1xs_1500_none_k10,none,10,2,4998,6,204,6,198,0,0.029411764705882353,1.0,0.04081632653061224
knn_defense_cifar_1xs_1500_none_k10,none,10,3,4992,16,261,16,245,0,0.06130268199233716,1.0,0.05228365384615385
knn_defense_cifar_1xs_1500_none_k10,none,10,4,6209,1209,1099,980,119,229,0.89171974522293,0.8105872622001654,0.17700112739571588
knn_defense_cifar_1xs_1500_none_k10,none,10,5,4978,5,340,5,335,0,0.014705882352941176,1.0,0.06830052229811169
knn_defense_cifar_1xs_1500_none_k10,none,10,6,5020,38,85,38,47,0,0.4470588235294118,1.0,0.01693227091633466
knn_defense_cifar_1xs_1500_none_k10,none,10,7,5082,94,153,94,59,0,0.6143790849673203,1.0,0.03010625737898465
knn_defense_cifar_1xs_1500_none_k10,none,10,8,4979,15,57,14,43,1,0.24561403508771928,0.9333333333333333,0.011448081944165495
knn_defense_cifar_1xs_1500_none_k10,none,10,9,3711,8,285,8,277,0,0.028070175438596492,1.0,0.07679870654810024
knn_defense_cifar_1xs_1500_remove_k10,remove,10,0,5030,43,122,43,79,0,0.3524590163934426,1.0,0.024254473161033796
knn_defense_cifar_1xs_1500_remove_k10,remove,10,1,5001,66,126,65,61,1,0.5158730158730159,0.9848484848484849,0.02519496100779844
knn_defense_cifar_1xs_1500_remove_k10,remove,10,2,4998,6,204,6,198,0,0.029411764705882353,1.0,0.04081632653061224
knn_defense_cifar_1xs_1500_remove_k10,remove,10,3,4992,16,261,16,245,0,0.06130268199233716,1.0,0.05228365384615385
knn_defense_cifar_1xs_1500_remove_k10,remove,10,4,6209,1209,1099,980,119,229,0.89171974522293,0.8105872622001654,0.17700112739571588
knn_defense_cifar_1xs_1500_remove_k10,remove,10,5,4978,5,340,5,335,0,0.014705882352941176,1.0,0.06830052229811169
knn_defense_cifar_1xs_1500_remove_k10,remove,10,6,5020,38,85,38,47,0,0.4470588235294118,1.0,0.01693227091633466
knn_defense_cifar_1xs_1500_remove_k10,remove,10,7,5082,94,153,94,59,0,0.6143790849673203,1.0,0.03010625737898465
knn_defense_cifar_1xs_1500_remove_k10,remove,10,8,4979,15,57,14,43,1,0.24561403508771928,0.9333333333333333,0.011448081944165495
knn_defense_cifar_1xs_1500_remove_k10,remove,10,9,3711,8,285,8,277,0,0.028070175438596492,1.0,0.07679870654810024
knn_defense_cifar_1xs_1500_remove_k20,remove,20,0,5030,43,130,43,87,0,0.33076923076923076,1.0,0.02584493041749503
knn_defense_cifar_1xs_1500_remove_k20,remove,20,1,5001,66,139,65,74,1,0.4676258992805755,0.9848484848484849,0.027794441111777646
knn_defense_cifar_1xs_1500_remove_k20,remove,20,2,4998,6,244,6,238,0,0.02459016393442623,1.0,0.04881952781112445
knn_defense_cifar_1xs_1500_remove_k20,remove,20,3,4992,16,306,16,290,0,0.05228758169934641,1.0,0.06129807692307692
knn_defense_cifar_1xs_1500_remove_k20,remove,20,4,6209,1209,1215,1081,134,128,0.8897119341563786,0.8941273779983457,0.19568368497342567
knn_defense_cifar_1xs_1500_remove_k20,remove,20,5,4978,5,389,5,384,0,0.012853470437017995,1.0,0.07814383286460426
knn_defense_cifar_1xs_1500_remove_k20,remove,20,6,5020,38,89,38,51,0,0.42696629213483145,1.0,0.017729083665338645
knn_defense_cifar_1xs_1500_remove_k20,remove,20,7,5082,94,159,94,65,0,0.5911949685534591,1.0,0.03128689492325856
knn_defense_cifar_1xs_1500_remove_k20,remove,20,8,4979,15,60,14,46,1,0.23333333333333334,0.9333333333333333,0.012050612572805784
knn_defense_cifar_1xs_1500_remove_k20,remove,20,9,3711,8,250,8,242,0,0.032,1.0,0.06736728644570197
knn_defense_cifar_1xs_1500_remove_k50,remove,50,0,5030,43,137,43,94,0,0.31386861313868614,1.0,0.027236580516898607
knn_defense_cifar_1xs_1500_remove_k50,remove,50,1,5001,66,143,65,78,1,0.45454545454545453,0.9848484848484849,0.028594281143771244
knn_defense_cifar_1xs_1500_remove_k50,remove,50,2,4998,6,283,6,277,0,0.02120141342756184,1.0,0.05662264905962385
knn_defense_cifar_1xs_1500_remove_k50,remove,50,3,4992,16,343,16,327,0,0.04664723032069971,1.0,0.0687099358974359
knn_defense_cifar_1xs_1500_remove_k50,remove,50,4,6209,1209,1293,1131,162,78,0.8747099767981439,0.9354838709677419,0.20824609437912708
knn_defense_cifar_1xs_1500_remove_k50,remove,50,5,4978,5,473,5,468,0,0.010570824524312896,1.0,0.09501807955002009
knn_defense_cifar_1xs_1500_remove_k50,remove,50,6,5020,38,95,38,57,0,0.4,1.0,0.018924302788844622
knn_defense_cifar_1xs_1500_remove_k50,remove,50,7,5082,94,172,94,78,0,0.5465116279069767,1.0,0.033844942935852024
knn_defense_cifar_1xs_1500_remove_k50,remove,50,8,4979,15,69,14,55,1,0.2028985507246377,0.9333333333333333,0.013858204458726651
knn_defense_cifar_1xs_1500_remove_k50,remove,50,9,3711,8,224,8,216,0,0.03571428571428571,1.0,0.06036108865534896
knn_defense_cifar_1xs_1500_remove_k100,remove,100,0,5030,43,150,43,107,0,0.2866666666666667,1.0,0.02982107355864811
knn_defense_cifar_1xs_1500_remove_k100,remove,100,1,5001,66,152,65,87,1,0.4276315789473684,0.9848484848484849,0.030393921215756847
knn_defense_cifar_1xs_1500_remove_k100,remove,100,2,4998,6,361,6,355,0,0.01662049861495845,1.0,0.07222889155662265
knn_defense_cifar_1xs_1500_remove_k100,remove,100,3,4992,16,374,16,358,0,0.0427807486631016,1.0,0.07491987179487179
knn_defense_cifar_1xs_1500_remove_k100,remove,100,4,6209,1209,1347,1165,182,44,0.8648849294729027,0.9636062861869313,0.21694314704461265
knn_defense_cifar_1xs_1500_remove_k100,remove,100,5,4978,5,550,5,545,0,0.00909090909090909,1.0,0.11048613901165126
knn_defense_cifar_1xs_1500_remove_k100,remove,100,6,5020,38,106,38,68,0,0.3584905660377358,1.0,0.02111553784860558
knn_defense_cifar_1xs_1500_remove_k100,remove,100,7,5082,94,180,94,86,0,0.5222222222222223,1.0,0.03541912632821724
knn_defense_cifar_1xs_1500_remove_k100,remove,100,8,4979,15,85,14,71,1,0.16470588235294117,0.9333333333333333,0.017071701144808195
knn_defense_cifar_1xs_1500_remove_k100,remove,100,9,3711,8,222,8,214,0,0.036036036036036036,1.0,0.05982215036378335
knn_defense_cifar_1xs_1500_remove_k200,remove,200,0,5030,43,162,43,119,0,0.2654320987654321,1.0,0.03220675944333996
knn_defense_cifar_1xs_1500_remove_k200,remove,200,1,5001,66,153,65,88,1,0.42483660130718953,0.9848484848484849,0.03059388122375525
knn_defense_cifar_1xs_1500_remove_k200,remove,200,2,4998,6,475,6,469,0,0.01263157894736842,1.0,0.09503801520608243
knn_defense_cifar_1xs_1500_remove_k200,remove,200,3,4992,16,422,16,406,0,0.037914691943127965,1.0,0.08453525641025642
knn_defense_cifar_1xs_1500_remove_k200,remove,200,4,6209,1209,1394,1202,192,7,0.8622668579626973,0.9942100909842845,0.22451280399420195
knn_defense_cifar_1xs_1500_remove_k200,remove,200,5,4978,5,628,5,623,0,0.007961783439490446,1.0,0.12615508236239453
knn_defense_cifar_1xs_1500_remove_k200,remove,200,6,5020,38,110,38,72,0,0.34545454545454546,1.0,0.021912350597609563
knn_defense_cifar_1xs_1500_remove_k200,remove,200,7,5082,94,191,94,97,0,0.49214659685863876,1.0,0.0375836284927194
knn_defense_cifar_1xs_1500_remove_k200,remove,200,8,4979,15,94,14,80,1,0.14893617021276595,0.9333333333333333,0.018879293030729064
knn_defense_cifar_1xs_1500_remove_k200,remove,200,9,3711,8,198,8,190,0,0.04040404040404041,1.0,0.05335489086499596
knn_defense_cifar_1xs_1500_remove_k500,remove,500,0,5030,43,192,43,149,0,0.22395833333333334,1.0,0.038170974155069586
knn_defense_cifar_1xs_1500_remove_k500,remove,500,1,5001,66,156,65,91,1,0.4166666666666667,0.9848484848484849,0.03119376124775045
knn_defense_cifar_1xs_1500_remove_k500,remove,500,2,4998,6,681,6,675,0,0.00881057268722467,1.0,0.1362545018007203
knn_defense_cifar_1xs_1500_remove_k500,remove,500,3,4992,16,517,16,501,0,0.030947775628626693,1.0,0.10356570512820513
knn_defense_cifar_1xs_1500_remove_k500,remove,500,4,6209,1209,1423,1209,214,0,0.8496134926212228,1.0,0.22918344338862942
knn_defense_cifar_1xs_1500_remove_k500,remove,500,5,4978,5,789,5,784,0,0.0063371356147021544,1.0,0.15849738850944153
knn_defense_cifar_1xs_1500_remove_k500,remove,500,6,5020,38,128,38,90,0,0.296875,1.0,0.02549800796812749
knn_defense_cifar_1xs_1500_remove_k500,remove,500,7,5082,94,213,94,119,0,0.4413145539906103,1.0,0.04191263282172373
knn_defense_cifar_1xs_1500_remove_k500,remove,500,8,4979,15,118,14,104,1,0.11864406779661017,0.9333333333333333,0.023699538059851376
knn_defense_cifar_1xs_1500_remove_k500,remove,500,9,3711,8,208,8,200,0,0.038461538461538464,1.0,0.05604958232282404
knn_defense_cifar_1xs_1500_remove_k1000,remove,1000,0,5030,43,238,43,195,0,0.18067226890756302,1.0,0.04731610337972167
knn_defense_cifar_1xs_1500_remove_k1000,remove,1000,1,5001,66,166,65,101,1,0.39156626506024095,0.9848484848484849,0.033193361327734455
knn_defense_cifar_1xs_1500_remove_k1000,remove,1000,2,4998,6,932,6,926,0,0.006437768240343348,1.0,0.18647458983593437
knn_defense_cifar_1xs_1500_remove_k1000,remove,1000,3,4992,16,619,16,603,0,0.025848142164781908,1.0,0.12399839743589744
knn_defense_cifar_1xs_1500_remove_k1000,remove,1000,4,6209,1209,1445,1209,236,0,0.8366782006920416,1.0,0.23272668706716057
knn_defense_cifar_1xs_1500_remove_k1000,remove,1000,5,4978,5,1003,5,998,0,0.004985044865403789,1.0,0.20148654077942948
knn_defense_cifar_1xs_1500_remove_k1000,remove,1000,6,5020,38,150,38,112,0,0.25333333333333335,1.0,0.029880478087649404
knn_defense_cifar_1xs_1500_remove_k1000,remove,1000,7,5082,94,235,94,141,0,0.4,1.0,0.04624163715072806
knn_defense_cifar_1xs_1500_remove_k1000,remove,1000,8,4979,15,147,14,133,1,0.09523809523809523,0.9333333333333333,0.02952400080337417
knn_defense_cifar_1xs_1500_remove_k1000,remove,1000,9,3711,8,241,8,233,0,0.03319502074688797,1.0,0.06494206413365669
knn_defense_cifar_1xs_1500_remove_k2000,remove,2000,0,5030,43,308,43,265,0,0.1396103896103896,1.0,0.06123260437375746
knn_defense_cifar_1xs_1500_remove_k2000,remove,2000,1,5001,66,189,65,124,1,0.3439153439153439,0.9848484848484849,0.03779244151169766
knn_defense_cifar_1xs_1500_remove_k2000,remove,2000,2,4998,6,1661,6,1655,0,0.003612281757977122,1.0,0.3323329331732693
knn_defense_cifar_1xs_1500_remove_k2000,remove,2000,3,4992,16,768,16,752,0,0.020833333333333332,1.0,0.15384615384615385
knn_defense_cifar_1xs_1500_remove_k2000,remove,2000,4,6209,1209,1509,1208,301,1,0.8005301524188204,0.9991728701406121,0.2430343050410694
knn_defense_cifar_1xs_1500_remove_k2000,remove,2000,5,4978,5,1405,5,1400,0,0.0035587188612099642,1.0,0.282241864202491
knn_defense_cifar_1xs_1500_remove_k2000,remove,2000,6,5020,38,197,38,159,0,0.19289340101522842,1.0,0.03924302788844621
knn_defense_cifar_1xs_1500_remove_k2000,remove,2000,7,5082,94,271,94,177,0,0.34686346863468637,1.0,0.05332546241637151
knn_defense_cifar_1xs_1500_remove_k2000,remove,2000,8,4979,15,176,14,162,1,0.07954545454545454,0.9333333333333333,0.03534846354689697
knn_defense_cifar_1xs_1500_remove_k2000,remove,2000,9,3711,8,299,8,291,0,0.026755852842809364,1.0,0.08057127458905955
